Data,Total,Producao Interna,Producao Mao de Obra,Corte,Corte Voil,Bainha Continua,Barrado,Emenda,Overloque,Paleteira,Acabamento,Furo,Ilhos,Dobra,Embalagem,Mes,Ano
2024-01-02,4381.09,4080.47,300.62,278.63,338.38,186.79,760.49,0.0,9.59,451.09,358.69,342.32,511.05,689.02,154.42,Janeiro,2024
2024-01-03,5628.610000000001,4836.84,791.77,94.67,800.14,190.16,1126.48,0.0,29.48,511.05,465.63,280.48,502.37,684.31,152.07,Janeiro,2024
2024-01-04,5856.26,5238.33,617.93,388.23,733.45,211.74,739.92,0.0,48.37,565.93,529.73,452.4,549.63,833.2,185.73,Janeiro,2024
2024-01-05,4984.4800000000005,4613.72,370.76,223.03,274.7,136.77,1122.09,0.0,17.18,462.18,417.03,424.81,428.49,904.76,202.68,Janeiro,2024
2024-01-08,5111.28,4699.33,411.95,284.66,690.94,177.14,602.39,0.0,0.35,426.78,510.93,455.21,675.24,716.09,159.6,Janeiro,2024
2024-01-09,4931.3,4494.63,436.67,302.37,487.37,233.47,729.15,0.0,22.45,468.89,536.31,314.05,687.19,583.67,129.71,Janeiro,2024
2024-01-10,4653.33,4448.18,205.15,274.99,647.56,226.88,669.77,0.0,0.0,413.72,426.78,122.56,568.96,897.34,199.62,Janeiro,2024
2024-01-11,4805.87,4706.51,99.36,216.45,577.99,220.16,656.18,0.0,0.0,558.9,539.12,470.84,543.39,753.99,169.49,Janeiro,2024
2024-01-12,4596.49,4418.53,177.96,168.45,516.79,139.24,949.37,0.0,0.0,512.47,385.78,218.94,532.45,808.13,186.91,Janeiro,2024
2024-01-13,325.21000000000004,190.68,134.53,4.24,0.0,0.0,0.0,0.0,0.0,0.0,0.0,0.0,0.0,152.54,33.9,Janeiro,2024
2024-01-15,5437.59,5224.38,213.21,384.44,345.41,143.18,784.18,0.0,35.02,677.89,741.8,365.73,606.1,933.24,207.39,Janeiro,2024
2024-01-16,5093.08,4818.56,274.52,250.82,501.79,130.9,770.82,0.0,0.0,636.82,576.97,478.54,733.92,603.8,134.18,Janeiro,2024
2024-01-17,5448.45,5339.2,109.25,368.68,563.69,267.05,580.38,0.0,84.18,677.65,576.62,468.08,612.13,932.18,208.56,Janeiro,2024
2024-01-18,4648.259999999999,4383.11,265.15,327.3,623.55,148.57,603.54,0.0,85.74,528.62,540.41,227.64,455.12,688.9,153.72,Janeiro,2024
2024-01-19,4544.29,4346.55,197.74,244.36,589.78,158.01,644.88,0.0,55.91,498.71,457.51,299.06,565.84,681.13,151.36,Janeiro,2024
2024-01-22,6101.49,5795.47,306.02,556.07,576.42,88.94,961.08,0.0,1.24,834.73,570.79,535.41,794.27,717.15,159.37,Janeiro,2024
2024-01-23,6614.740000000001,6414.06,200.68,445.94,326.65,89.6,1167.32,0.0,26.78,334.86,710.4,711.6,1132.72,1201.25,266.94,Janeiro,2024
2024-01-24,5822.43,5562.34,260.09,188.92,205.1,57.06,1510.44,0.0,12.71,621.16,619.87,507.35,829.87,826.25,183.61,Janeiro,2024
2024-01-25,5221.81,4722.76,499.05,4.71,212.1,386.7,794.65,0.0,11.65,435.55,549.82,522.45,815.16,799.77,190.2,Janeiro,2024
2024-01-26,4763.65,4763.65,0.0,297.83,522.77,280.77,716.73,0.0,0.0,677.18,403.9,465.75,750.07,530.71,117.94,Janeiro,2024
2024-01-27,377.8200000000001,194.21,183.61,194.21,0.0,0.0,0.0,0.0,0.0,0.0,0.0,0.0,0.0,0.0,0.0,Janeiro,2024
2024-01-29,5036.8,4776.45,260.35,217.14,395.47,109.98,985.59,0.0,0.0,543.89,631.24,455.44,631.11,659.94,146.65,Janeiro,2024
2024-01-30,5733.94,5354.95,378.99,199.69,720.38,0.0,1031.05,0.0,16.24,460.44,321.12,464.8,838.76,1065.66,236.81,Janeiro,2024
2024-01-31,5732.31,5237.97,494.34,150.02,538.07,6.59,1307.32,29.43,0.0,489.01,542.19,399.9,864.21,745.51,165.72,Janeiro,2024
2024-02-01,4790.139999999999,4465.7,324.44,20.01,409.95,328.15,496.75,0.0,5.8,514.02,617.6,491.17,671.13,745.16,165.96,Fevereiro,2024
2024-02-02,5448.25,5289.35,158.9,48.09,1090.03,216.04,891.87,29.43,0.0,491.49,579.85,387.11,385.03,954.78,215.63,Fevereiro,2024
2024-02-05,5085.63,5085.63,0.0,210.59,127.42,277.48,884.46,10.3,0.0,594.35,589.23,590.46,691.43,907.47,202.44,Fevereiro,2024
2024-02-06,5044.25,4710.57,333.68,42.02,376.76,117.13,800.24,0.0,0.0,449.08,579.61,386.17,975.59,805.07,178.9,Fevereiro,2024
2024-02-07,4536.3,4536.3,0.0,390.18,577.84,195.91,745.45,0.0,0.0,503.99,544.36,294.58,487.63,650.41,145.95,Fevereiro,2024
2024-02-08,5240.44,5240.44,0.0,242.05,973.44,168.62,639.52,0.0,1.06,502.54,615.16,410.2,610.66,881.34,195.85,Fevereiro,2024
2024-02-09,4461.63,4211.25,250.38,175.67,309.16,180.58,899.76,0.0,15.89,545.48,417.82,325.91,545.45,650.76,144.77,Fevereiro,2024
2024-02-12,4494.67,4131.08,363.59,156.39,662.0,51.21,600.92,0.0,0.0,571.39,648.41,297.95,473.33,547.54,121.94,Fevereiro,2024
2024-02-13,4900.82,4427.08,473.74,24.02,525.45,118.17,774.35,0.0,16.95,591.65,488.93,444.5,460.38,804.01,178.67,Fevereiro,2024
2024-02-14,4844.14,4448.31,395.83,66.39,594.87,222.23,779.47,0.0,0.0,561.93,575.61,389.92,462.94,650.41,144.54,Fevereiro,2024
2024-02-15,5162.83,4874.47,288.36,233.55,481.48,261.76,672.71,0.0,25.42,564.22,462.03,487.41,696.73,809.31,179.85,Fevereiro,2024
2024-02-16,5373.23,4896.78,476.45,143.36,90.12,24.72,1173.35,0.0,0.0,550.92,551.86,325.95,776.76,1030.7,229.04,Fevereiro,2024
2024-02-17,212.66,110.16,102.5,0.0,0.0,0.0,68.85,0.0,41.31,0.0,0.0,0.0,0.0,0.0,0.0,Fevereiro,2024
2024-02-19,5646.9,5295.67,351.23,187.8,522.46,97.94,1071.89,0.0,35.66,413.56,489.07,480.16,789.3,987.97,219.86,Fevereiro,2024
2024-02-20,5815.0,5615.77,199.23,161.48,653.44,361.63,768.58,0.0,0.0,647.23,364.66,624.08,853.91,966.08,214.68,Fevereiro,2024
2024-02-21,4912.99,4698.83,214.16,126.52,624.88,416.17,798.06,27.95,0.0,492.72,397.68,373.7,496.96,772.35,171.84,Fevereiro,2024
2024-02-22,6361.41,6184.18,177.23,179.41,1077.72,190.37,978.47,0.0,0.0,432.19,800.6,531.08,941.75,861.21,191.38,Fevereiro,2024
2024-02-23,5917.31,5546.23,371.08,218.12,515.41,70.69,1118.33,0.0,0.0,563.02,712.56,636.26,724.8,807.19,179.85,Fevereiro,2024
2024-02-26,6259.75,6039.65,220.1,177.16,1077.44,123.89,873.92,0.0,5.3,671.33,673.23,443.19,690.9,1066.24,237.05,Fevereiro,2024
2024-02-27,5051.98,4968.53,83.45,225.98,335.19,254.94,957.61,0.0,0.0,315.91,594.21,467.37,767.32,859.09,190.91,Fevereiro,2024
2024-02-28,5387.16,5275.63,111.53,142.59,914.33,197.09,944.07,0.0,0.0,504.11,481.45,408.85,704.11,800.6,178.43,Fevereiro,2024
2024-02-29,6779.38,6481.35,298.03,71.36,1366.1,353.04,1203.31,0.0,0.0,488.93,671.95,433.57,676.3,995.51,221.28,Fevereiro,2024
2024-03-01,5224.11,4928.0,296.11,200.38,703.86,133.99,1082.55,0.0,0.0,562.16,665.96,448.68,664.33,380.88,85.21,Março,2024
2024-03-04,4150.53,4070.2,80.33,124.21,216.57,338.93,811.07,0.0,11.89,523.62,466.14,478.83,667.8,352.75,78.39,Março,2024
2024-03-05,4988.81,4797.67,191.14,167.02,637.18,165.02,976.09,0.0,27.6,410.77,468.15,413.62,633.7,735.15,163.37,Março,2024
2024-03-06,5501.18,5286.42,214.76,198.62,638.26,195.37,858.62,88.28,16.42,621.51,627.81,499.39,813.34,596.03,132.77,Março,2024
2024-03-07,5102.84,4649.7,453.14,245.17,472.17,172.49,813.95,44.14,94.4,636.99,578.44,412.27,397.8,638.99,142.89,Março,2024
2024-03-08,5774.820000000001,5473.35,301.47,0.0,699.87,315.76,780.7,0.0,0.0,710.73,644.7,346.17,745.69,1005.63,224.1,Março,2024
2024-03-11,5424.54,5305.29,119.25,238.46,694.27,111.64,1165.58,0.0,8.18,525.75,592.9,415.72,449.11,902.88,200.8,Março,2024
2024-03-12,6094.77,5740.82,353.95,168.08,539.18,242.58,1210.19,0.0,1.65,565.78,585.05,418.46,924.89,887.69,197.27,Março,2024
2024-03-13,5623.62,5311.71,311.91,155.21,806.49,191.0,951.34,0.0,0.0,567.34,510.12,619.94,760.64,613.33,136.3,Março,2024
2024-03-14,6438.969999999999,5753.32,685.65,60.42,555.4,121.05,1033.29,0.0,4.24,501.4,499.05,473.84,1084.11,1161.82,258.7,Março,2024
2024-03-15,4829.099999999999,4627.24,201.86,391.82,665.24,172.09,1058.48,0.0,13.3,383.88,475.07,441.63,204.89,671.6,149.24,Março,2024
2024-03-18,5211.459999999999,4928.98,282.48,208.14,348.96,200.03,759.28,29.43,36.43,462.36,630.11,462.99,685.81,865.57,239.87,Março,2024
2024-03-19,5067.7,5020.62,47.08,361.36,476.54,131.53,811.31,32.37,7.42,537.01,499.75,407.98,873.66,721.38,160.31,Março,2024
2024-03-20,6074.06,5928.65,145.41,456.36,427.2,0.0,1022.17,26.48,46.43,593.68,525.11,591.01,987.06,1025.05,228.1,Março,2024
2024-03-21,6082.57,5833.4,249.17,337.3,360.3,186.73,770.91,0.0,19.42,491.4,493.8,539.97,905.5,1413.58,314.49,Março,2024
2024-03-22,6004.35,5619.0,385.35,219.42,177.09,71.58,683.54,0.0,0.0,697.73,793.6,665.06,1052.53,1029.64,228.81,Março,2024
2024-03-23,1687.16,1222.48,464.68,0.0,0.0,0.0,0.0,0.0,0.0,273.78,238.13,152.41,76.53,394.06,87.57,Março,2024
2024-03-25,6328.599999999999,5916.65,411.95,232.22,397.44,119.2,695.52,2.94,35.66,596.56,977.9,680.29,912.7,1036.0,230.22,Março,2024
2024-03-26,5733.5,5486.33,247.17,188.88,508.05,176.26,528.38,0.0,11.42,558.66,497.28,646.54,818.52,1270.1,282.24,Março,2024
2024-03-27,6285.759999999999,5910.23,375.53,2.47,475.94,190.73,863.83,5.89,2.12,522.0,582.63,689.42,1216.11,1111.68,247.41,Março,2024
2024-03-28,5551.27,5362.6,188.67,279.76,325.76,105.14,949.13,58.85,24.01,626.86,676.78,612.11,673.27,843.32,187.61,Março,2024
2024-04-01,5351.3,4906.39,444.91,173.78,217.24,210.21,615.39,0.0,0.41,787.52,575.23,604.77,979.5,606.51,135.83,Abril,2024
2024-04-02,4568.14,4278.46,289.68,128.91,293.33,132.84,464.5,44.14,10.71,595.15,487.01,532.77,572.76,831.55,184.79,Abril,2024
2024-04-03,5103.64,4830.42,273.22,159.57,430.34,100.28,509.17,88.28,4.41,741.03,609.86,417.6,712.23,864.62,193.03,Abril,2024
2024-04-04,5128.75,4941.82,186.93,261.11,370.57,197.32,688.96,58.85,0.0,605.98,592.94,422.1,553.1,972.91,217.98,Abril,2024
2024-04-05,6062.71,5783.66,279.05,277.83,712.52,109.17,666.24,0.0,2.47,635.79,760.11,425.72,726.33,1200.07,267.41,Abril,2024
2024-04-06,1229.61,1083.8,145.81,0.0,0.0,0.0,0.0,0.0,0.0,0.0,284.95,243.98,294.63,212.92,47.32,Abril,2024
2024-04-08,5566.07,5441.0,125.07,287.33,375.78,272.86,537.07,0.0,20.24,398.64,849.39,631.96,986.65,884.52,196.56,Abril,2024
2024-04-09,6246.04,5998.46,247.58,223.04,758.99,275.74,824.9,0.0,19.16,548.78,575.85,678.67,957.87,929.01,206.45,Abril,2024
2024-04-10,7109.97,6813.37,296.6,255.06,993.92,282.19,688.9,0.0,23.19,501.7,641.94,845.02,1378.09,984.44,218.92,Abril,2024
2024-04-11,5556.85,5077.67,479.18,173.64,537.56,169.05,928.42,32.37,8.47,558.19,609.45,507.86,224.42,1083.66,244.58,Abril,2024
2024-04-12,5012.02,4660.21,351.81,16.24,399.11,214.57,517.64,73.56,5.65,575.26,697.35,574.03,464.53,917.24,205.03,Abril,2024
2024-04-13,557.31,505.4,51.91,280.03,225.37,0.0,0.0,0.0,0.0,0.0,0.0,0.0,0.0,0.0,0.0,Abril,2024
2024-04-15,5193.65,5114.91,78.74,0.0,0.0,302.5,616.57,14.71,15.89,775.05,727.03,600.79,990.83,875.69,195.85,Abril,2024
2024-04-16,5242.37,4975.96,266.41,0.0,0.0,80.76,1107.79,0.0,8.12,866.01,616.45,405.06,887.55,821.55,182.67,Abril,2024
2024-04-17,5919.87,5676.16,243.71,0.0,0.0,215.89,976.79,0.0,0.0,761.84,690.59,726.51,1182.38,915.24,206.92,Abril,2024
2024-04-18,6171.280000000001,5900.81,270.47,0.0,0.0,276.68,803.36,147.12,3.18,600.45,724.5,681.29,1058.8,1313.53,291.9,Abril,2024
2024-04-19,4031.27,4031.27,0.0,0.0,0.0,262.71,994.89,0.0,0.0,524.35,706.02,468.94,0.0,878.98,195.38,Abril,2024
2024-04-22,6521.64,6204.14,317.5,236.22,640.05,0.0,920.24,58.85,6.59,698.73,883.34,398.97,1149.9,986.21,225.04,Abril,2024
2024-04-23,6980.52,6606.23,374.29,205.98,735.4,102.68,910.47,0.0,0.0,724.74,711.91,497.62,1212.99,1230.91,273.53,Abril,2024
2024-04-24,5737.080000000001,5654.31,82.77,280.67,407.47,239.93,525.56,0.0,0.0,793.95,599.74,479.53,851.5,1207.6,268.36,Abril,2024
2024-04-25,5352.27,5231.16,121.11,280.5,254.93,175.49,779.0,111.82,1.94,630.22,741.75,456.11,827.08,795.53,176.79,Abril,2024
2024-04-26,5929.27,5692.47,236.8,272.05,519.13,38.84,770.76,173.61,0.0,688.31,604.23,491.29,925.0,989.39,219.86,Abril,2024
2024-04-29,6240.85,6074.54,166.31,201.24,544.44,53.32,853.5,170.67,0.0,630.61,786.65,737.43,791.27,1067.89,237.52,Abril,2024
2024-04-30,6079.66,5858.09,221.57,203.15,461.93,191.56,603.39,222.16,0.0,604.15,716.26,551.62,1084.49,997.63,221.75,Abril,2024
2024-05-02,7111.54,6929.58,181.96,216.33,642.03,285.17,897.99,179.49,0.0,707.02,820.49,702.4,1062.15,1142.98,273.53,Maio,2024
2024-05-03,6442.21,6236.58,205.63,260.12,569.77,278.54,787.82,0.0,0.0,547.72,1019.64,718.17,760.93,1020.81,273.06,Maio,2024
2024-05-06,6336.81,6109.6,227.21,354.22,604.57,241.05,717.79,0.0,11.0,622.37,704.26,481.71,1109.0,1033.88,229.75,Maio,2024
2024-05-07,7111.7,6939.26,172.44,619.93,448.98,296.9,860.03,0.0,0.0,777.17,693.78,798.4,1135.36,1070.72,237.99,Maio,2024
2024-05-08,6493.28,6361.69,131.59,351.25,723.38,135.91,978.26,0.0,0.0,713.5,875.57,598.43,915.97,874.98,194.44,Maio,2024
2024-05-09,8194.29,7933.02,261.27,959.02,855.04,156.79,1223.61,0.0,0.0,612.86,705.14,572.95,1237.47,1317.3,292.84,Maio,2024
2024-05-10,6862.42,6689.04,173.38,191.85,938.83,285.6,829.02,0.0,0.0,705.96,651.59,504.03,1062.42,1240.56,279.18,Maio,2024
2024-05-11,45.9,45.9,0.0,45.9,0.0,0.0,0.0,0.0,0.0,0.0,0.0,0.0,0.0,0.0,0.0,Maio,2024
2024-05-13,6571.35,6423.13,148.22,182.67,812.74,233.78,1047.53,155.95,0.0,700.28,760.62,579.51,885.81,870.74,193.5,Maio,2024
2024-05-14,6243.37,6149.23,94.14,226.93,392.82,226.16,1003.33,123.58,1.06,737.86,732.15,580.5,748.57,1126.04,250.23,Maio,2024
2024-05-15,7279.679999999999,7058.57,221.11,208.02,910.82,51.61,1272.4,0.0,0.0,831.7,1020.97,880.2,696.9,970.32,215.63,Maio,2024
2024-05-16,7382.06,7251.92,130.14,148.36,571.97,396.38,838.79,0.0,0.0,746.68,1084.85,637.29,1706.39,917.35,203.86,Maio,2024
2024-05-17,7198.98,7198.98,0.0,688.83,702.36,309.57,1029.23,0.0,0.0,855.53,805.22,828.58,1016.4,788.12,175.14,Maio,2024
2024-05-20,7353.35,7329.81,23.54,242.7,856.71,159.37,971.91,0.0,0.0,750.46,877.63,810.57,1066.1,1303.88,290.48,Maio,2024
2024-05-21,7190.33,7145.84,44.49,593.4,878.28,93.92,998.86,0.0,0.0,691.05,791.89,681.71,1126.39,1055.65,234.69,Maio,2024
2024-05-22,6872.62,6698.84,173.78,174.16,561.55,122.05,950.6,0.0,0.0,848.76,704.61,529.23,1193.04,1320.12,294.72,Maio,2024
2024-05-23,6631.5,6415.52,215.98,628.4,672.31,261.74,583.03,32.37,22.25,685.34,705.08,620.83,979.62,1001.86,222.69,Maio,2024
2024-05-24,8016.13,7826.56,189.57,322.17,952.23,115.64,1023.64,0.0,0.0,543.19,735.66,802.12,1031.11,1882.26,418.54,Maio,2024
2024-05-25,350.86,350.86,0.0,0.0,0.0,0.0,0.0,0.0,0.0,0.0,0.0,0.0,0.0,287.07,63.79,Maio,2024
2024-05-27,6354.57,6131.59,222.98,181.28,667.27,353.89,757.11,29.43,0.0,780.19,697.5,743.06,889.16,844.85,187.85,Maio,2024
2024-05-28,7873.46,7578.33,295.13,366.0,853.26,183.42,1423.82,0.0,0.0,772.99,754.63,713.9,1254.45,1027.52,228.34,Maio,2024
2024-05-29,6575.7,6363.25,212.45,247.17,618.6,209.06,1158.29,5.89,0.0,508.81,553.3,496.68,1000.16,1280.69,284.6,Maio,2024
2024-05-31,7152.38,6587.42,564.96,267.3,838.04,314.17,709.26,0.0,0.82,594.56,661.47,696.41,1085.11,1162.05,258.23,Maio,2024
2024-06-01,294.26,294.26,0.0,123.58,170.68,0.0,0.0,0.0,0.0,0.0,0.0,0.0,0.0,0.0,0.0,Junho,2024
2024-06-03,5918.13,5670.96,247.17,518.62,630.52,202.81,879.57,58.85,0.0,675.77,716.52,476.71,637.32,714.67,159.6,Junho,2024
2024-06-04,6962.87,6674.75,288.12,551.34,524.27,46.61,1483.61,0.0,12.71,778.35,770.55,790.84,733.21,804.36,178.9,Junho,2024
2024-06-05,6379.61,6173.63,205.98,216.71,394.85,419.95,955.55,0.0,0.0,637.7,597.37,864.41,824.75,1032.82,229.52,Junho,2024
2024-06-06,7378.650000000001,6760.72,617.93,294.43,691.85,140.06,1113.82,14.71,0.0,851.44,664.12,559.31,1278.69,942.78,209.51,Junho,2024
2024-06-07,6456.06,6250.08,205.98,209.09,484.81,278.6,912.29,58.85,0.0,812.08,737.33,626.55,1163.46,790.94,176.08,Junho,2024
2024-06-08,138.54,138.54,0.0,0.0,0.0,0.0,0.0,0.0,0.0,0.0,0.0,0.0,0.0,113.35,25.19,Junho,2024
2024-06-10,6000.12,5700.22,299.9,350.51,362.23,56.03,817.9,0.0,0.0,666.18,904.4,513.76,1008.98,834.73,185.5,Junho,2024
2024-06-11,5909.709999999999,5558.48,351.23,203.7,715.49,34.19,870.69,14.71,0.0,807.33,812.25,622.54,872.83,494.58,110.17,Junho,2024
2024-06-12,5248.969999999999,4918.28,330.69,188.98,542.15,168.41,960.14,0.0,0.0,596.33,657.41,477.47,681.1,490.46,155.83,Junho,2024
2024-06-13,6052.52,5868.61,183.91,276.23,518.68,102.05,1289.64,0.0,2.12,642.68,796.24,320.1,713.85,987.39,219.63,Junho,2024
2024-06-14,5179.27,4976.44,202.83,224.34,696.17,263.32,1045.94,0.0,16.95,433.4,739.74,580.47,410.33,462.91,102.87,Junho,2024
2024-06-15,275.13,216.28,58.85,0.0,69.98,0.0,0.0,0.0,0.0,0.0,0.0,0.0,0.0,119.7,26.6,Junho,2024
2024-06-17,6000.43,5834.81,165.62,424.2,566.83,159.48,841.44,0.0,0.0,650.4,609.52,547.64,1012.72,836.61,185.97,Junho,2024
2024-06-18,5513.76,5256.59,257.17,122.05,379.29,105.02,830.9,0.0,0.0,608.92,555.78,535.14,849.15,1038.94,231.4,Junho,2024
2024-06-19,5733.7300000000005,5515.6,218.13,181.56,571.25,146.18,820.6,100.05,15.42,540.48,798.08,328.8,847.12,953.96,212.1,Junho,2024
2024-06-20,5929.31,5764.46,164.85,228.06,533.3,126.78,913.0,0.0,6.18,521.47,611.76,548.15,768.96,1232.79,274.01,Junho,2024
2024-06-21,5239.139999999999,5128.91,110.23,174.51,528.44,134.47,860.95,45.61,0.0,584.79,664.7,500.12,675.95,784.94,174.43,Junho,2024
2024-06-22,324.15,324.15,0.0,0.0,0.0,0.0,0.0,0.0,0.0,0.0,0.0,0.0,0.0,324.15,0.0,Junho,2024
2024-06-24,6607.3,6452.67,154.63,235.89,444.48,128.76,1012.87,25.01,34.96,555.63,880.1,561.14,847.41,1412.4,314.02,Junho,2024
2024-06-25,5375.85,5199.64,176.21,223.69,530.07,84.63,867.57,0.0,0.0,584.26,653.56,524.22,818.87,746.81,165.96,Junho,2024
2024-06-26,5651.849999999999,5459.78,192.07,189.9,310.69,183.69,671.71,29.43,0.0,458.88,836.14,523.35,902.67,1107.09,246.23,Junho,2024
2024-06-27,6112.16,5893.41,218.75,243.05,555.24,65.21,726.15,403.12,0.0,793.42,872.1,530.0,789.06,747.28,168.78,Junho,2024
2024-06-28,6006.4,5825.73,180.67,240.05,741.16,227.29,794.65,50.02,1.79,636.52,904.35,593.6,909.97,594.27,132.06,Junho,2024
2024-06-29,296.31,296.31,0.0,0.0,0.0,0.0,0.0,0.0,0.0,0.0,0.0,296.31,0.0,0.0,0.0,Junho,2024
2024-07-01,5309.5,5057.49,252.01,103.4,178.88,124.94,490.1,41.2,33.9,602.57,1038.16,571.73,1005.04,579.44,288.13,Julho,2024
2024-07-02,5914.91,5687.04,227.87,234.48,519.42,188.26,590.91,5.89,22.25,714.44,760.7,582.85,774.67,981.97,311.2,Julho,2024
2024-07-03,5471.79,5266.91,204.88,212.68,487.02,204.44,776.08,0.0,3.88,724.15,776.94,521.46,753.54,640.76,165.96,Julho,2024
2024-07-05,4349.83,4276.24,73.59,145.01,879.66,118.64,884.69,5.89,34.96,717.73,244.52,119.86,176.26,776.47,172.55,Julho,2024
2024-07-08,5631.66,5599.29,32.37,270.0,460.01,141.95,734.68,29.43,41.78,775.29,1051.77,561.85,790.91,456.32,285.3,Julho,2024
2024-07-10,6035.21,6035.21,0.0,215.29,611.52,190.82,914.09,58.85,19.77,714.73,847.03,507.91,875.07,878.16,201.97,Julho,2024
2024-07-11,5482.84,5229.49,253.35,68.5,694.04,170.9,782.12,58.85,31.9,643.11,565.67,525.2,386.62,1060.12,242.46,Julho,2024
2024-07-12,5452.450000000001,5205.52,246.93,176.73,634.65,311.67,752.34,58.85,45.43,600.38,38.65,574.91,65.97,1592.13,353.81,Julho,2024
2024-07-15,6329.23,6127.37,201.86,210.86,611.88,180.82,887.58,0.0,78.62,510.92,778.75,671.77,871.57,1083.55,241.05,Julho,2024
2024-07-16,6457.900000000001,6271.77,186.13,369.7,565.98,42.73,736.1,223.63,10.95,736.51,989.92,594.89,849.79,796.59,354.98,Julho,2024
2024-07-17,5376.43,5167.05,209.38,210.41,562.88,172.3,562.43,10.3,21.48,422.95,428.25,692.85,578.76,1230.91,273.53,Julho,2024
2024-07-18,5804.33,5633.34,170.99,269.24,540.76,171.02,755.25,0.0,7.77,515.76,269.71,583.72,961.29,1275.4,283.42,Julho,2024
2024-07-19,6661.33,6480.07,181.26,210.45,703.55,247.89,683.25,29.43,8.36,429.02,668.59,457.16,1193.54,1512.68,336.15,Julho,2024
2024-07-22,5634.92,5189.83,445.09,136.24,739.96,299.63,676.48,29.43,0.0,405.89,727.74,313.84,1033.55,628.16,198.91,Julho,2024
2024-07-23,6862.85,6218.91,643.94,273.99,975.42,274.65,880.63,17.66,7.77,730.92,548.26,523.45,854.35,883.46,248.35,Julho,2024
2024-07-24,5951.06,5746.66,204.4,268.44,315.21,60.91,1171.2,29.43,57.44,633.05,785.68,506.94,848.94,874.98,194.44,Julho,2024
2024-07-25,5830.87,5562.93,267.94,218.99,0.0,0.0,1308.94,0.0,3.88,578.11,643.12,567.97,777.03,1190.65,274.24,Julho,2024
2024-07-26,5317.05,5162.2,154.85,163.86,400.59,272.4,795.92,0.0,2.59,380.17,913.12,508.63,752.6,795.53,176.79,Julho,2024
2024-07-29,6446.38,6152.42,293.96,224.28,852.97,214.68,794.86,35.31,3.88,645.3,756.42,544.97,712.08,887.69,479.98,Julho,2024
2024-07-30,6946.49,6691.61,254.88,235.54,830.07,267.56,872.92,0.0,1.06,605.13,656.88,518.79,799.86,1503.15,400.65,Julho,2024
2024-07-31,6348.9400000000005,6163.35,185.59,255.88,558.36,249.85,968.97,0.0,0.0,611.2,698.74,469.2,759.61,1300.59,290.95,Julho,2024
2024-08-01,5933.21,5761.18,172.03,281.01,539.14,249.11,1094.26,0.0,5.18,507.61,905.17,421.08,646.47,909.94,202.21,Agosto,2024
2024-08-02,5958.5,5745.59,212.91,431.31,910.74,124.2,578.35,0.0,5.89,640.88,828.14,438.31,550.04,1012.69,225.04,Agosto,2024
2024-08-03,297.78,297.78,0.0,0.0,0.0,0.0,0.0,0.0,0.0,0.0,0.0,0.0,0.0,243.64,54.14,Agosto,2024
2024-08-05,5221.110000000001,5040.01,181.1,285.19,368.04,214.04,985.09,0.0,78.98,460.5,624.93,454.95,678.83,727.74,161.72,Agosto,2024
2024-08-07,5021.68,4844.54,177.14,297.31,422.98,96.4,1008.72,64.74,0.0,550.01,545.36,480.67,663.68,584.73,129.94,Agosto,2024
2024-08-08,4953.4800000000005,4802.47,151.01,85.57,333.3,218.72,741.33,0.0,0.0,583.32,516.06,513.41,846.32,777.06,187.38,Agosto,2024
2024-08-09,4664.1900000000005,4641.89,22.3,132.71,575.66,208.67,880.57,17.66,0.0,386.96,644.03,421.27,739.95,519.06,115.35,Agosto,2024
2024-08-10,445.38,445.38,0.0,0.0,0.0,0.0,0.0,0.0,0.0,0.0,0.0,0.0,0.0,364.4,80.98,Agosto,2024
2024-08-12,5614.89,5569.05,45.84,238.87,669.67,135.33,992.8,0.0,17.66,672.54,656.38,416.3,771.29,816.72,181.49,Agosto,2024
2024-08-13,6438.39,6243.01,195.38,336.21,572.52,194.96,1016.75,158.9,0.0,650.35,844.54,385.5,905.11,963.96,214.21,Agosto,2024
2024-08-14,5757.26,5484.2,273.06,204.64,622.87,260.68,879.4,29.43,5.3,695.7,604.7,478.92,674.92,753.16,274.48,Agosto,2024
2024-08-15,5408.08,5234.18,173.9,220.37,637.12,175.08,949.96,0.0,0.0,540.79,682.58,468.96,645.85,683.25,230.22,Agosto,2024
2024-08-16,5592.75,5592.75,0.0,229.69,704.16,302.37,1013.34,0.0,21.89,454.44,562.61,0.0,214.6,1709.71,379.94,Agosto,2024
2024-08-17,423.37,423.37,0.0,0.0,0.0,0.0,0.0,0.0,0.0,0.0,0.0,0.0,0.0,346.39,76.98,Agosto,2024
2024-08-19,6634.54,6465.48,169.06,875.45,1064.51,207.0,965.02,58.85,0.0,622.28,617.34,414.97,629.02,826.25,184.79,Agosto,2024
2024-08-20,4646.77,4646.77,0.0,195.85,544.5,409.2,576.02,29.43,7.77,649.08,721.73,438.73,423.46,293.43,357.57,Agosto,2024
2024-08-21,5364.400000000001,5169.43,194.97,74.15,926.85,231.72,725.09,88.28,0.0,559.49,901.76,480.32,711.79,384.53,85.45,Agosto,2024
2024-08-22,7232.629999999999,7050.19,182.44,14.27,896.19,109.58,1202.07,0.0,49.67,565.25,617.69,583.32,633.79,1945.93,432.43,Agosto,2024
2024-08-23,4939.35,4939.35,0.0,174.91,545.3,205.17,1000.45,0.0,0.0,543.43,268.07,639.52,585.0,799.77,177.73,Agosto,2024
2024-08-24,687.45,687.45,0.0,0.0,0.0,0.0,0.0,0.0,0.0,0.0,0.0,133.32,0.0,453.38,100.75,Agosto,2024
2024-08-26,5368.69,5368.69,0.0,257.76,514.81,324.2,712.79,0.0,50.61,704.43,690.88,418.45,673.24,835.79,185.73,Agosto,2024
2024-08-27,6384.58,6384.58,0.0,655.93,806.27,272.14,893.49,29.43,21.89,655.98,784.7,482.54,512.11,1039.17,230.93,Agosto,2024
2024-08-28,5192.11,5192.11,0.0,315.14,649.29,142.67,1165.05,22.07,13.3,422.19,721.43,442.12,571.23,595.33,132.29,Agosto,2024
2024-08-29,5654.52,5654.52,0.0,514.94,598.19,51.08,1097.38,83.86,31.25,585.44,747.4,390.98,531.42,836.61,185.97,Agosto,2024
2024-08-30,5574.85,5574.85,0.0,465.15,676.14,229.46,625.9,0.0,0.0,648.41,889.64,455.85,609.39,797.65,177.26,Agosto,2024
2024-08-31,62.79,62.79,0.0,0.0,0.0,0.0,0.0,0.0,0.0,0.0,0.0,62.79,0.0,0.0,0.0,Agosto,2024
2024-09-02,5255.030000000001,5097.31,157.72,278.83,711.94,361.31,788.15,0.0,31.9,568.79,720.18,443.23,560.22,515.53,117.23,Setembro,2024
2024-09-03,6435.08,6184.19,250.89,495.83,1049.02,221.53,1081.19,0.0,0.35,639.36,470.12,668.65,653.62,739.98,164.54,Setembro,2024
2024-09-04,5463.900000000001,5270.93,192.97,338.74,727.83,156.13,709.02,0.0,0.0,510.99,583.39,674.92,869.48,573.08,127.35,Setembro,2024
2024-09-05,5549.9800000000005,5515.26,34.72,371.59,659.74,235.66,1125.68,0.0,0.0,417.31,462.38,671.66,560.08,827.31,183.85,Setembro,2024
2024-09-06,6063.72,6063.72,0.0,589.09,934.63,305.14,1003.27,29.43,0.0,515.29,542.29,573.04,729.86,688.43,153.25,Setembro,2024
2024-09-09,5731.969999999999,5501.74,230.23,320.33,953.77,188.67,586.56,0.0,51.2,514.94,541.74,446.14,805.66,894.05,198.68,Setembro,2024
2024-09-10,5899.929999999999,5783.94,115.99,262.58,704.68,204.33,739.89,0.0,12.59,691.78,506.7,848.72,532.21,1047.65,232.81,Setembro,2024
2024-09-11,6095.67,6070.95,24.72,329.91,74.14,105.11,979.65,85.33,10.59,823.49,758.69,611.83,1059.06,1008.81,224.34,Setembro,2024
2024-09-12,5625.06,5578.13,46.93,154.78,531.89,165.6,1023.46,0.0,0.0,712.11,873.42,267.12,731.48,913.71,204.56,Setembro,2024
2024-09-13,6558.71,6558.71,0.0,581.67,716.52,166.49,1049.88,0.0,0.0,843.14,862.46,614.69,891.72,678.66,153.48,Setembro,2024
2024-09-14,290.01,290.01,0.0,0.0,0.0,0.0,0.0,0.0,0.0,0.0,0.0,0.0,0.0,237.28,52.73,Setembro,2024
2024-09-16,6233.860000000001,6204.43,29.43,282.92,913.35,283.94,794.18,29.43,0.0,596.74,575.74,713.93,850.62,951.25,212.33,Setembro,2024
2024-09-17,6888.66,6708.41,180.25,274.05,862.89,261.59,934.33,0.0,1.77,655.02,708.47,696.81,834.82,1209.6,269.06,Setembro,2024
2024-09-18,6082.0,5978.72,103.28,343.98,770.85,286.94,801.71,29.43,1.41,540.98,754.89,363.29,1082.78,820.02,182.44,Setembro,2024
2024-09-19,5287.370000000001,5162.02,125.35,184.24,529.28,171.77,802.6,0.0,0.0,502.38,646.51,414.32,655.53,1027.05,228.34,Setembro,2024
2024-04-20,5346.57,5346.57,0.0,440.1,577.15,201.27,883.87,0.0,8.83,589.03,879.28,277.08,675.83,628.16,185.97,Setembro,2024
2024-09-21,263.15,263.15,0.0,0.0,0.0,0.0,0.0,0.0,0.0,0.0,0.0,0.0,71.53,156.78,34.84,Setembro,2024
2024-09-23,3880.82,3855.75,25.07,260.69,600.45,277.44,313.67,0.0,0.71,314.99,490.57,398.1,291.78,742.33,165.02,Setembro,2024
2024-09-24,4269.24,4085.86,183.38,186.11,394.72,169.49,799.12,0.0,14.36,131.82,532.43,584.94,492.16,638.76,141.95,Setembro,2024
2024-09-25,4321.45,4321.45,0.0,239.52,425.3,244.29,799.77,58.85,1.41,462.77,347.36,480.26,337.74,575.79,348.39,Setembro,2024
2024-09-26,4731.68,4522.0,209.68,295.98,578.3,289.42,725.86,0.0,25.89,576.61,521.16,497.56,274.54,602.74,133.94,Setembro,2024
2024-09-27,4962.54,4962.54,0.0,358.57,540.44,59.99,868.51,58.85,27.19,458.91,703.58,479.33,491.81,748.93,166.43,Setembro,2024
2024-09-28,747.83,747.83,0.0,0.0,0.0,0.0,0.0,0.0,0.0,0.0,0.0,180.7,255.11,255.29,56.73,Setembro,2024
2024-09-30,5139.62,5124.79,14.83,247.11,558.43,196.5,807.83,0.0,22.25,456.09,604.29,200.0,690.99,1097.43,243.87,Setembro,2024
2024-10-01,5602.93,5327.22,275.71,261.88,495.55,120.5,574.85,57.38,9.06,547.13,723.96,428.56,957.72,887.69,262.94,Outubro,2024
2024-10-02,5877.2300000000005,5581.8,295.43,219.97,856.04,206.4,876.51,0.0,46.61,603.21,881.87,484.0,748.19,539.18,119.82,Outubro,2024
2024-10-03,4075.69,4047.8,27.89,230.1,257.67,155.91,740.74,29.43,9.89,510.04,356.85,319.35,683.01,617.57,137.24,Outubro,2024
2024-10-04,4494.04,4494.04,0.0,284.19,671.71,124.67,1076.43,0.0,0.0,652.88,480.1,236.25,358.01,498.93,110.87,Outubro,2024
2024-10-05,750.26,750.26,0.0,0.0,0.0,0.0,0.0,0.0,0.0,0.0,0.0,110.79,392.18,202.33,44.96,Outubro,2024
2024-10-07,5800.22,5800.22,0.0,407.48,521.76,238.0,773.35,0.0,0.0,450.79,799.68,472.47,1251.12,724.56,161.01,Outubro,2024
2024-10-08,4576.87,4576.87,0.0,252.88,607.08,44.08,452.35,205.98,0.0,685.13,651.12,370.01,555.9,615.34,137.0,Outubro,2024
2024-10-09,3231.13,3007.88,223.25,65.62,472.08,212.7,356.04,10.3,0.0,334.97,394.94,359.81,0.0,655.71,145.71,Outubro,2024
2024-10-10,4858.12,4551.3,306.82,109.4,210.49,2.35,12.3,211.86,0.0,499.28,601.37,616.98,1023.64,1033.88,229.75,Outubro,2024
2024-10-11,4717.64,4717.64,0.0,220.45,0.0,0.0,247.76,211.86,5.3,588.21,683.47,356.04,909.17,1223.49,271.89,Outubro,2024
2024-10-14,3709.24,3622.14,87.1,197.74,0.0,0.0,8.47,0.0,4.47,442.96,698.41,346.57,921.89,819.43,182.2,Outubro,2024
2024-10-15,4985.82,4877.69,108.13,245.7,557.25,213.61,224.4,0.0,1.29,416.54,670.54,468.37,794.36,1051.88,233.75,Outubro,2024
2024-10-16,5241.12,5043.09,198.03,324.26,430.76,255.69,357.16,0.0,0.0,491.75,460.6,395.74,664.74,1360.14,302.25,Outubro,2024
2024-10-17,4967.9,4967.9,0.0,228.87,712.12,78.08,410.42,0.0,0.0,377.35,529.85,442.03,920.38,1038.11,230.69,Outubro,2024
2024-10-18,4710.450000000001,4554.85,155.6,213.08,350.15,78.68,555.54,0.0,0.0,398.53,301.98,551.62,981.47,919.47,204.33,Outubro,2024
2024-10-21,5302.339999999999,4957.48,344.86,301.84,0.0,0.0,790.53,0.0,128.35,541.01,619.38,536.57,778.76,1031.76,229.28,Outubro,2024
2024-10-22,4434.08,4298.78,135.3,153.86,0.0,11.42,666.92,0.0,4.24,353.84,726.95,509.41,792.36,883.46,196.32,Outubro,2024
2024-10-23,5145.67,4961.12,184.55,209.53,0.0,15.54,729.15,147.13,63.56,596.91,561.33,430.42,457.71,1087.9,661.94,Outubro,2024
2024-10-24,4078.27,3971.16,107.11,191.22,151.59,25.42,411.48,0.0,0.0,381.47,391.32,602.02,615.16,983.03,218.45,Outubro,2024
2024-10-25,3974.0,3974.0,0.0,191.56,0.0,0.0,0.0,0.0,0.0,810.07,846.66,378.08,996.71,614.39,136.53,Outubro,2024
2024-10-28,4362.67,4362.67,0.0,192.5,0.0,0.0,0.0,0.0,0.0,576.73,766.87,355.93,972.67,1225.61,272.36,Outubro,2024
2024-10-29,3616.18,3616.18,0.0,176.2,0.0,0.0,0.0,0.0,0.0,617.93,641.7,489.27,607.42,886.63,197.03,Outubro,2024
2024-10-30,3263.33,3263.33,0.0,175.37,191.49,0.0,0.0,0.0,0.0,581.14,568.79,335.26,378.11,845.32,187.85,Outubro,2024
2024-10-31,3634.59,3634.59,0.0,0.0,0.0,0.0,26.72,0.0,18.13,697.65,554.0,293.26,896.43,939.6,208.8,Outubro,2024
2024-11-01,2882.88,2882.88,0.0,0.0,0.0,0.0,47.67,58.85,29.78,625.25,584.82,136.24,668.77,598.5,133.0,Novembro,2024
2024-11-04,4418.02,4418.02,0.0,0.0,178.05,20.01,7.06,241.29,6.36,540.07,844.85,507.92,591.27,1211.84,269.3,Novembro,2024
2024-11-05,3789.65,3789.65,0.0,0.0,158.19,45.2,234.22,88.28,0.0,579.64,494.58,688.01,762.73,604.39,134.41,Novembro,2024
2024-11-06,3808.24,3808.24,0.0,0.0,31.13,19.19,432.55,0.0,64.03,456.88,707.61,520.26,707.49,710.91,158.19,Novembro,2024
2024-11-07,5051.03,5051.03,0.0,238.51,378.32,137.61,456.03,0.0,19.07,714.38,882.99,475.07,684.81,870.74,193.5,Novembro,2024
2024-11-08,4450.29,4450.29,0.0,44.63,209.78,20.92,485.39,0.0,0.0,615.1,704.29,643.56,385.2,979.85,361.57,Novembro,2024
2024-11-11,3762.03,3762.03,0.0,0.0,186.11,123.17,211.51,0.0,12.95,549.98,741.38,476.71,641.97,669.48,148.77,Novembro,2024
2024-11-12,4376.599999999999,4307.16,69.44,88.98,438.55,76.64,346.63,0.0,0.0,554.43,733.42,439.13,702.37,758.46,168.55,Novembro,2024
2024-11-13,3703.3,3703.3,0.0,64.42,57.34,108.31,108.75,0.0,131.35,492.46,691.37,506.37,568.02,797.65,177.26,Novembro,2024
2024-11-14,4887.85,4615.96,271.89,329.32,284.99,62.7,495.75,0.0,32.84,726.15,927.56,495.96,302.61,783.88,174.2,Novembro,2024
2024-11-18,5086.62,4846.87,239.75,271.24,274.61,0.0,481.8,91.22,24.36,626.4,740.0,290.97,1079.13,791.3,175.84,Novembro,2024
2024-11-19,4740.44,4666.29,74.15,474.04,197.41,158.15,372.64,29.43,31.07,559.0,820.77,295.77,583.5,936.42,208.09,Novembro,2024
2024-11-20,1274.68,1070.71,203.97,64.46,187.11,0.0,56.5,0.0,0.0,150.66,0.0,0.0,333.62,227.75,50.61,Novembro,2024
2024-11-21,5451.17,5142.24,308.93,371.59,178.13,0.0,696.73,0.0,31.07,573.48,642.25,469.19,670.18,1235.14,274.48,Novembro,2024
2024-11-22,5738.2300000000005,5319.81,418.42,286.62,122.5,88.26,568.73,0.0,125.35,580.91,532.39,407.55,886.84,1407.81,312.85,Novembro,2024
2024-11-23,1754.44,1696.77,57.67,138.89,185.44,0.0,111.34,11.77,11.65,104.52,0.0,249.35,274.01,498.93,110.87,Novembro,2024
2024-11-25,4553.95,4553.95,0.0,207.22,281.87,149.2,481.98,0.0,10.59,452.1,637.53,522.15,520.5,1056.12,234.69,Novembro,2024
2024-11-26,5578.99,5578.99,0.0,336.28,383.86,70.57,687.37,57.38,0.0,542.12,745.16,447.33,804.48,1230.91,273.53,Novembro,2024
2024-11-27,4571.56,4497.11,74.45,93.14,411.72,220.95,533.71,0.0,2.71,304.5,697.96,537.45,490.9,985.15,218.92,Novembro,2024
2024-11-28,5059.53,5059.53,0.0,640.01,495.13,155.69,478.74,161.84,0.0,227.04,736.96,508.23,700.76,781.17,173.96,Novembro,2024
2024-11-29,4366.29,4049.37,316.92,47.83,450.44,0.0,270.0,154.48,1.65,492.69,699.33,788.43,344.39,654.65,145.48,Novembro,2024
2024-11-30,902.25,902.25,0.0,0.0,0.0,0.0,273.65,0.0,0.0,153.3,0.0,131.03,144.89,163.13,36.25,Novembro,2024
2024-12-02,4747.759999999999,4530.07,217.69,211.51,361.56,261.47,407.39,29.43,11.65,406.25,695.0,335.61,791.27,833.67,185.26,Dezembro,2024
2024-12-03,5079.84,5005.39,74.45,279.98,435.35,194.96,652.68,0.0,63.44,404.98,446.42,474.97,900.32,942.78,209.51,Dezembro,2024
2024-12-04,5666.68,5551.91,114.77,400.86,542.0,0.0,849.56,35.31,1.65,420.14,650.19,438.43,917.77,1060.36,235.64,Dezembro,2024
2024-12-05,5369.97,5208.13,161.84,322.89,366.38,135.67,681.95,0.0,63.44,503.68,629.44,331.7,708.67,1198.07,266.24,Dezembro,2024
2024-12-06,4297.84,4177.14,120.7,203.39,463.63,73.21,476.39,0.0,0.0,406.45,613.43,460.71,683.69,651.47,144.77,Dezembro,2024
2024-12-07,1532.12,1532.12,0.0,0.0,68.22,13.55,69.03,0.0,1.29,168.84,235.58,237.1,140.36,489.4,108.75,Dezembro,2024
2024-12-09,4990.2,4659.46,330.74,529.05,396.18,136.64,502.49,58.85,0.0,356.43,466.27,676.27,642.64,731.98,162.66,Dezembro,2024
2024-12-10,4938.81,4639.85,298.96,307.0,231.81,104.84,606.07,5.89,2.12,513.68,451.16,403.38,690.72,1082.6,240.58,Dezembro,2024
2024-12-11,6130.09,6130.09,0.0,544.48,315.99,94.49,826.43,0.0,0.0,651.52,511.65,536.93,1136.39,1237.26,274.95,Dezembro,2024
2024-12-12,6094.9800000000005,5894.89,200.09,193.84,619.18,191.18,657.83,0.0,0.0,733.86,569.72,407.97,1125.62,1141.93,253.76,Dezembro,2024
2024-12-13,4803.75,4748.37,55.38,392.33,555.01,163.77,665.12,0.0,13.06,489.94,608.32,398.07,491.96,794.24,176.55,Dezembro,2024
2024-12-14,890.07,890.07,0.0,160.25,35.1,0.0,218.98,0.0,0.0,0.0,26.48,0.0,0.0,367.58,81.68,Dezembro,2024
2024-12-16,6260.3,6260.3,0.0,519.46,598.5,252.49,613.66,0.0,10.3,665.56,674.02,562.27,1007.78,1106.5,249.76,Dezembro,2024
2024-12-17,7141.63,6994.51,147.12,910.37,600.83,152.99,936.13,0.0,37.55,727.86,623.45,486.11,1087.05,1171.35,260.82,Dezembro,2024
2024-12-18,6723.47,6723.47,0.0,724.89,535.62,194.04,965.93,1.47,38.84,694.18,658.6,617.57,786.59,1231.97,273.77,Dezembro,2024
2024-12-19,6426.07,6298.66,127.41,391.65,496.62,142.51,502.28,211.86,0.0,588.09,780.16,602.59,1073.28,1235.14,274.48,Dezembro,2024
2024-12-20,5670.55,5670.55,0.0,467.81,327.01,69.34,604.6,129.47,3.88,697.55,550.18,642.99,700.82,1208.07,268.83,Dezembro,2024
2024-12-21,3124.54,3026.55,97.99,171.08,235.77,104.24,342.92,0.0,0.0,304.14,390.02,432.2,409.18,521.18,115.82,Dezembro,2024
2024-12-23,4960.09,4902.53,57.56,532.97,716.29,102.5,363.02,0.0,0.0,377.04,763.9,125.57,704.58,995.15,221.51,Dezembro,2024
2024-12-24,2091.37,2091.37,0.0,75.45,188.62,86.65,317.82,0.0,0.0,204.68,340.98,195.07,344.18,276.48,61.44,Dezembro,2024
2024-12-26,6461.32,6461.32,0.0,401.36,563.87,332.54,953.84,0.0,0.0,713.32,657.13,743.72,813.78,1048.71,233.05,Dezembro,2024
2024-12-27,6221.07,6221.07,0.0,544.07,628.54,225.57,740.8,0.0,0.0,640.46,490.28,684.72,918.85,1102.73,245.05,Dezembro,2024
2024-12-28,3005.98,3005.98,0.0,164.19,635.86,8.15,385.11,0.0,0.0,323.97,262.94,165.16,505.17,454.44,100.99,Dezembro,2024
2024-12-30,5882.55,5882.55,0.0,45.4,774.14,276.78,662.5,0.0,0.0,524.27,841.78,733.57,827.81,978.79,217.51,Dezembro,2024
2024-12-31,2137.97,2137.97,0.0,360.75,294.53,92.17,432.49,0.0,0.0,245.66,246.7,173.83,291.84,0.0,0.0,Dezembro,2024
2025-01-02,7031.09,7031.09,0.0,1200.66,415.38,186.45,1145.39,0.0,5.28,675.78,737.39,601.12,774.49,1054.76,234.39,Janeiro,2025
2025-01-03,6335.7,6335.7,0.0,558.53,974.77,0.0,990.12,0.0,0.0,515.22,568.24,430.59,1006.52,1056.85,234.86,Janeiro,2025
2025-01-04,699.21,699.21,0.0,0.0,0.0,0.0,0.0,0.0,0.0,0.0,0.0,124.14,249.36,266.49,59.22,Janeiro,2025
2025-01-06,5652.78,5652.78,0.0,461.87,505.43,162.73,522.75,0.0,69.33,519.0,630.98,662.48,1094.28,837.76,186.17,Janeiro,2025
2025-01-07,5966.36,5681.41,284.95,255.83,572.0,192.61,652.6,0.0,6.01,543.26,624.63,508.41,1289.74,847.8,188.52,Janeiro,2025
2025-01-08,5221.91,4717.41,504.5,106.98,300.54,112.26,822.78,0.0,0.0,467.55,620.85,525.43,521.11,1014.47,225.44,Janeiro,2025
2025-01-09,5533.47,5533.47,0.0,531.02,446.82,73.0,854.99,48.34,1.64,544.47,611.21,556.49,744.13,917.43,203.93,Janeiro,2025
2025-01-10,4463.68,4463.68,0.0,183.87,249.8,189.98,602.34,30.61,4.22,439.34,703.45,332.94,630.54,897.21,199.38,Janeiro,2025
2025-01-13,5057.95,5057.95,0.0,426.24,609.54,44.67,705.26,0.0,1.9,688.2,740.64,376.86,709.99,617.44,137.21,Janeiro,2025
2025-01-14,5278.94,5244.15,34.79,820.6,250.25,115.85,711.61,0.0,0.0,343.54,782.88,521.47,742.92,781.39,173.64,Janeiro,2025
2025-01-15,5850.14,5685.54,164.6,318.2,551.87,217.8,783.15,0.0,0.29,652.97,643.56,623.38,661.01,1006.78,226.53,Janeiro,2025
2025-01-16,5948.44,5734.58,213.86,343.38,302.83,221.58,491.99,0.0,1.42,585.31,836.57,753.88,969.69,1004.67,223.26,Janeiro,2025
2025-01-17,6272.86,6022.45,250.41,579.02,328.26,23.68,687.1,0.0,57.92,737.8,574.06,699.33,1068.29,1036.03,230.96,Janeiro,2025
2025-01-20,5314.04,5212.63,101.41,170.94,640.23,96.37,773.08,16.11,36.25,608.95,585.85,501.7,1049.66,600.13,133.36,Janeiro,2025
2025-01-21,6390.84,6341.88,48.96,485.79,480.84,105.99,777.25,48.34,20.41,590.33,693.54,808.62,1022.44,1070.45,237.88,Janeiro,2025
2025-01-22,5509.31,5509.31,0.0,308.17,625.17,247.23,670.62,0.0,18.22,639.96,813.0,570.91,568.36,856.49,191.18,Janeiro,2025
2025-01-23,6118.18,6118.18,0.0,274.32,253.41,30.45,738.83,47.16,6.64,709.86,838.97,712.71,1306.98,980.68,218.17,Janeiro,2025
2025-01-24,162.89,0.0,162.89,0.0,0.0,0.0,0.0,0.0,0.0,0.0,0.0,0.0,0.0,0.0,0.0,Janeiro,2025
2025-01-24,6546.27,6546.27,0.0,348.45,556.56,217.89,700.3,0.0,61.41,694.5,690.29,635.76,1079.03,1278.07,284.01,Janeiro,2025
2025-01-25,338.19,338.19,0.0,0.0,0.0,0.0,139.37,0.0,0.0,99.65,0.0,99.17,0.0,0.0,0.0,Janeiro,2025
2025-01-27,6958.09,6759.77,198.32,717.27,432.99,57.74,840.48,0.0,352.45,686.18,824.22,472.7,1241.59,927.84,206.31,Janeiro,2025
2025-01-28,6196.37,6123.9,72.47,686.56,99.81,67.4,997.31,0.0,37.81,705.52,735.29,616.06,662.84,1239.79,275.51,Janeiro,2025
2025-01-29,6360.15,5927.0,433.15,158.04,440.5,167.22,656.13,0.0,14.64,540.33,678.67,703.3,941.16,1331.14,295.87,Janeiro,2025
2025-01-30,7752.0,7373.42,378.58,665.03,633.06,213.08,592.57,0.0,16.44,649.72,816.02,813.46,1210.34,1443.03,320.67,Janeiro,2025
2025-01-31,6316.33,6316.33,0.0,493.83,747.2,253.99,625.68,0.0,9.27,686.99,913.1,657.28,695.26,1008.92,224.81,Janeiro,2025
2025-02-03,6391.27,6144.1,247.17,251.66,464.18,172.27,607.27,0.0,2.36,482.49,624.71,742.48,898.12,1553.37,345.19,Fevereiro,2025
2025-02-04,6295.25,6295.25,0.0,314.7,893.28,327.5,547.74,0.0,0.47,531.94,662.93,747.65,794.37,1206.55,268.12,Fevereiro,2025
2025-02-05,6982.86,6982.86,0.0,710.02,936.3,278.44,702.16,0.0,0.0,756.9,814.13,553.05,823.36,1152.41,256.09,Fevereiro,2025
2025-02-06,6368.38,6368.38,0.0,235.38,1410.14,182.84,661.59,0.0,51.28,548.04,583.96,689.76,691.43,1074.56,239.4,Fevereiro,2025
2025-02-07,5047.94,4795.66,252.28,73.82,0.0,0.0,799.11,0.0,15.13,782.06,500.7,550.28,898.83,961.56,214.17,Fevereiro,2025
2025-02-08,295.45,295.45,0.0,0.0,0.0,0.0,0.0,0.0,0.0,137.66,157.79,0.0,0.0,0.0,0.0,Fevereiro,2025
2025-02-10,5637.39,5469.0,168.39,279.33,0.0,10.52,1200.23,0.0,0.0,594.54,711.4,587.75,748.78,1093.46,242.99,Fevereiro,2025
2025-02-11,6896.75,6609.28,287.47,624.2,131.99,151.0,1306.7,0.0,0.0,574.81,927.4,623.35,1021.57,1020.56,227.7,Fevereiro,2025
2025-02-12,6318.17,6094.61,223.56,167.58,949.54,359.64,758.07,0.0,2.52,587.59,503.0,558.52,850.24,1110.07,247.84,Fevereiro,2025
2025-02-13,6777.9,6450.6,327.3,353.67,855.26,235.43,850.92,0.0,0.0,511.6,850.47,487.1,1023.19,1049.69,233.27,Fevereiro,2025
2025-02-14,6798.8,6490.81,307.99,264.11,793.06,285.15,884.56,0.0,50.23,499.37,750.46,560.15,1218.81,969.42,215.49,Fevereiro,2025
2025-02-15,832.94,832.94,0.0,0.0,0.0,0.0,0.0,0.0,0.0,76.65,160.56,0.0,445.54,122.88,27.31,Fevereiro,2025
2025-02-17,6428.58,6189.04,239.54,181.32,1087.13,272.4,726.72,0.0,0.0,537.16,481.56,727.14,739.41,1175.07,261.13,Fevereiro,2025
2025-02-18,7053.99,6829.5,224.49,229.54,694.75,0.0,902.41,0.0,29.17,1042.03,1013.84,509.43,988.19,1161.93,258.21,Fevereiro,2025
2025-02-19,6454.66,6373.39,81.27,225.66,484.57,243.82,631.21,0.0,0.0,704.22,940.8,854.01,979.78,1071.26,238.06,Fevereiro,2025
2025-02-20,6632.18,6632.18,0.0,669.67,712.03,300.66,743.41,0.0,4.52,743.62,717.83,625.91,904.27,990.21,220.05,Fevereiro,2025
2025-02-21,6714.36,6590.26,124.1,235.01,721.67,0.0,927.66,0.0,3.82,897.75,846.45,465.16,1196.98,1060.17,235.59,Fevereiro,2025
2025-02-24,5987.08,5852.33,134.75,191.79,570.65,324.75,721.8,0.0,25.41,879.65,570.31,552.33,648.6,1118.49,248.55,Fevereiro,2025
2025-02-25,6486.97,6486.97,0.0,367.08,394.03,0.0,1458.7,0.0,5.1,793.7,388.09,629.37,840.94,1316.74,293.22,Fevereiro,2025
2025-02-26,6403.61,6349.43,54.18,355.5,0.0,15.03,1390.91,16.11,3.86,937.73,703.15,637.63,868.15,1162.93,258.43,Fevereiro,2025
2025-02-27,6199.69,5996.64,203.05,1.55,299.09,100.0,981.46,0.0,1.91,789.7,635.83,649.05,975.85,1278.16,284.04,Fevereiro,2025
2025-02-28,6650.36,5746.85,903.51,23.69,587.84,322.54,765.9,0.0,3.96,837.19,607.71,527.6,797.13,1041.78,231.51,Fevereiro,2025
2025-03-01,335.0,335.0,0.0,0.0,0.0,0.0,0.0,0.0,0.0,41.23,126.14,167.63,0.0,0.0,0.0,Março,2025
2025-03-03,7046.18,6371.83,674.35,61.82,542.07,292.93,799.88,0.0,0.0,580.68,766.21,320.77,977.48,1660.65,369.34,Março,2025
2025-03-04,6377.79,6048.12,329.67,202.21,624.2,175.53,807.05,0.0,0.0,792.7,719.02,570.78,420.05,1420.84,315.74,Março,2025
2025-03-05,6463.67,5876.34,587.33,1.35,578.14,368.73,431.03,0.0,0.0,631.09,960.84,803.79,805.14,1060.55,235.68,Março,2025
2025-03-06,6126.4,5568.63,557.77,42.37,849.03,6.32,642.9,0.0,13.27,576.26,930.33,617.82,646.79,1017.44,226.1,Março,2025
2025-03-07,5661.55,5533.3,128.25,614.4,512.19,102.45,398.27,0.0,1.71,575.03,766.52,517.94,554.44,1219.08,271.27,Março,2025
2025-03-10,5687.89,5687.89,0.0,356.2,381.88,0.0,585.05,32.22,7.12,625.5,834.29,587.1,913.09,1117.18,248.26,Março,2025
2025-03-11,4280.59,4081.33,199.26,0.0,0.0,0.0,722.27,0.0,0.0,538.9,729.7,774.5,462.43,698.34,155.19,Março,2025
2025-03-12,6139.31,5393.95,745.36,110.89,0.0,0.0,798.93,0.0,2.47,625.68,849.48,753.99,820.47,1171.47,260.57,Março,2025
2025-03-13,5957.76,5147.18,810.58,81.24,363.88,187.91,582.94,0.0,15.46,718.97,745.19,439.71,816.04,977.97,217.87,Março,2025
2025-03-14,5193.27,4471.24,722.03,87.68,407.14,221.54,348.14,0.0,50.62,571.81,692.17,452.69,750.06,727.53,161.86,Março,2025
2025-03-15,747.18,747.18,0.0,0.0,0.0,0.0,50.6,0.0,0.0,0.0,174.24,379.96,0.0,116.49,25.89,Março,2025
2025-03-17,5883.76,5713.47,170.29,375.21,769.78,133.41,805.57,0.0,2.39,434.44,813.78,305.9,734.6,1095.05,243.34,Março,2025
2025-03-18,6245.66,5987.95,257.71,814.63,342.88,121.09,890.23,0.0,26.38,781.23,615.98,571.9,327.4,1224.19,272.04,Março,2025
2025-03-19,5326.06,5100.56,225.5,161.45,264.32,80.83,644.06,0.0,0.0,818.87,716.11,491.09,665.5,1029.39,228.94,Março,2025
2025-03-20,4792.19,4410.74,381.45,168.27,301.17,64.4,490.31,0.0,1.91,638.15,695.14,674.11,359.4,832.81,185.07,Março,2025
2025-03-21,4751.91,4275.1,476.81,141.56,239.13,114.39,539.22,0.0,5.25,551.25,388.16,485.7,399.48,1154.42,256.54,Março,2025
2025-03-24,4516.03,4032.82,483.21,176.91,189.42,26.46,479.66,172.4,14.74,330.12,395.95,481.06,425.26,1097.05,243.79,Março,2025
2025-03-25,4246.07,3925.67,320.4,199.44,232.14,38.83,505.63,25.78,6.55,330.45,440.52,577.18,459.12,908.21,201.82,Março,2025
2025-03-26,4120.43,3944.24,176.19,370.94,468.29,146.72,371.07,0.0,15.23,281.97,233.78,355.02,730.08,793.07,178.07,Março,2025
2025-03-27,4159.54,4004.9,154.64,254.17,55.18,74.85,572.33,0.0,0.0,285.36,411.15,252.36,757.51,1097.99,244.0,Março,2025
2025-03-28,3984.68,3631.0,353.68,182.26,473.61,158.4,489.36,0.0,0.0,237.5,339.0,250.78,376.55,919.26,204.28,Março,2025
2025-03-31,4425.84,3962.24,463.6,291.89,470.4,117.89,665.61,0.0,0.0,342.71,418.4,260.15,460.35,764.87,169.97,Março,2025
2025-04-01,5317.38,5098.2,219.18,225.09,370.93,108.43,807.25,0.0,0.0,491.72,547.77,398.11,1058.87,891.84,198.19,Abril,2025
2025-04-02,5354.73,5005.51,349.22,275.99,333.76,225.96,725.38,0.0,1.78,413.53,532.42,380.95,898.15,996.21,221.38,Abril,2025
2025-04-03,5794.25,5496.65,297.6,184.08,809.82,186.23,657.75,16.11,0.0,379.94,695.96,504.7,925.81,929.66,206.59,Abril,2025
2025-04-04,4814.66,4639.83,174.83,319.62,93.59,0.0,560.67,0.0,18.86,543.1,717.2,532.39,883.16,794.65,176.59,Abril,2025
2025-04-07,4393.48,4393.48,0.0,170.0,559.57,152.72,580.18,0.0,9.31,516.48,736.08,414.78,478.51,634.79,141.06,Abril,2025
2025-04-08,6066.51,5872.01,194.5,253.29,317.51,249.01,467.84,0.0,0.0,782.42,792.76,500.3,751.66,1437.73,319.49,Abril,2025
2025-04-09,6030.35,5876.05,154.3,323.32,601.02,190.94,646.42,6.44,2.84,683.19,662.86,485.96,801.58,1203.94,267.54,Abril,2025
2025-04-10,6206.66,5935.76,270.9,219.25,653.13,0.0,918.57,0.0,1.43,789.92,677.21,525.37,1141.53,825.83,183.52,Abril,2025
2025-04-11,5717.84,5447.43,270.41,407.2,95.29,33.25,835.51,110.69,0.0,409.09,733.86,452.37,1035.96,1091.53,242.68,Abril,2025
2025-04-14,4585.21,4314.31,270.9,260.81,54.64,29.03,818.05,0.0,0.0,553.64,864.04,364.07,444.59,756.83,168.61,Abril,2025
2025-04-15,5756.69,5486.28,270.41,184.27,460.54,223.14,578.05,0.0,6.01,491.02,797.18,485.59,513.14,1429.64,317.7,Abril,2025
2025-04-16,6383.02,6231.59,151.43,148.65,564.53,61.59,672.01,0.0,15.21,576.63,755.04,457.59,1178.94,1473.87,327.53,Abril,2025
2025-04-17,8535.44,8394.73,140.71,3447.7,0.0,0.0,521.54,0.0,8.0,737.94,789.08,422.81,977.67,1219.08,270.91,Abril,2025
2025-04-22,6174.79,5987.91,186.88,934.1,0.0,0.0,205.63,38.67,2.88,701.78,997.91,418.73,1053.06,1337.85,297.3,Abril,2025
2025-04-23,5450.58,4973.77,476.81,197.06,0.0,112.61,111.83,0.0,7.13,659.04,729.66,363.19,1256.27,1257.03,279.95,Abril,2025
2025-04-24,4978.43,4782.25,196.18,200.99,463.47,42.28,485.0,0.0,14.19,705.31,467.32,456.13,998.11,776.82,172.63,Abril,2025
2025-04-25,4900.07,4440.77,459.3,126.34,275.61,198.87,399.03,0.0,10.41,584.9,487.98,625.62,832.72,735.78,163.51,Abril,2025
2025-04-28,5828.71,5669.21,159.5,199.3,418.67,259.35,346.66,0.0,17.95,566.27,950.58,862.77,1108.09,768.74,170.83,Abril,2025
2025-04-29,5422.44,5250.36,172.08,187.74,576.68,28.57,413.34,0.0,34.03,629.02,519.29,857.76,1142.99,703.76,157.18,Abril,2025
2025-04-30,5209.6,4929.19,280.41,458.21,498.45,67.87,552.37,66.41,38.87,440.23,791.29,487.87,434.54,894.34,198.74,Abril,2025
